<application>
  <component name="CodeInsightSettings">
    <option name="AUTO_POPUP_JAVADOC_INFO" value="true" />
    <option name="ADD_UNAMBIGIOUS_IMPORTS_ON_THE_FLY" value="true" />
  </component>
  <component name="DefaultFont">
    <option name="FONT_SIZE" value="14" />
    <option name="SECONDARY_FONT_FAMILY" value=".SF NS Mono" />
  </component>
  <component name="EditorSettings">
    <option name="USE_SOFT_WRAPS" value="MAIN_EDITOR:CONSOLE" />
    <option name="SOFT_WRAP_FILE_MASKS" value="*" />
    <option name="IS_INDENT_GUIDES_SHOWN" value="false" />
  </component>
  <component name="JetEditorOptions">
    <option name="donTShowConversionDialog" value="true" />
  </component>
</application>