<application>
  <component name="FileTypeManager" version="17">
    <extensionMap>
      <mapping ext="webp" type="Image" />
      <mapping pattern="MockitoAny" type="Kotlin" />
      <mapping ext="main.kts" type="Kotlin" />
      <mapping ext="gradle.kts" type="Kotlin" />
      <removed_mapping ext="md" approved="true" type="Markdown" />
      <mapping pattern="mixpanel" type="PLAIN_TEXT" />
      <mapping pattern="MockitoAny.kt" type="PLAIN_TEXT" />
      <mapping pattern="Dickerfile" type="PLAIN_TEXT" />
      <mapping ext="flat" type="PLAIN_TEXT" />
      <mapping ext="md" type="PLAIN_TEXT" />
      <mapping ext="mockmaker" type="PLAIN_TEXT" />
      <mapping ext="meta" type="PLAIN_TEXT" />
      <mapping ext="sqlite3-wal" type="PLAIN_TEXT" />
      <mapping ext="me" type="PLAIN_TEXT" />
      <mapping ext="sqlite3" type="PLAIN_TEXT" />
      <mapping ext="0" type="PLAIN_TEXT" />
      <mapping pattern="app-distribution-action.yml" type="Shell Script" />
      <removed_mapping ext="md" approved="true" type="Markdown" />
      <mapping pattern=".gitignore_global" type="Git file" />
    </extensionMap>
  </component>
</application>