<application>
  <component name="FindSettings">
    <option name="customScope" value="All Places" />
    <option name="defaultScopeName" value="All Places" />
    <option name="SEARCH_SCOPE" value="All Places" />
    <mask>*.properties</mask>
    <mask>*.html</mask>
    <mask>*.jsp</mask>
    <mask>*.js</mask>
    <mask>*.as</mask>
    <mask>*.css</mask>
    <mask>*.mxml</mask>
    <mask>*.gradle</mask>
    <mask>*.java</mask>
    <mask>*Fragment.kt</mask>
    <mask>*usecase.kt</mask>
    <mask>*viewModel.kt</mask>
    <mask>*.kt</mask>
    <mask>*.xml</mask>
  </component>
</application>