<keymap version="1" name="Mac OS X 10.5+ copy" parent="Mac OS X 10.5+">
  <action id="ActivateAndroidEmulatorToolWindow">
    <keyboard-shortcut first-keystroke="meta alt 2" />
  </action>
  <action id="ActivateBuildToolWindow">
    <keyboard-shortcut first-keystroke="meta 2" />
  </action>
  <action id="ActivateFavoritesToolWindow" />
  <action id="ActivateFindToolWindow" />
  <action id="ActivateGradleConsoleToolWindow">
    <keyboard-shortcut first-keystroke="meta 9" />
  </action>
  <action id="ActivateLogcatToolWindow">
    <keyboard-shortcut first-keystroke="meta 6" />
    <keyboard-shortcut first-keystroke="alt 6" />
  </action>
  <action id="ActivateServicesToolWindow" />
  <action id="ActivateStructureToolWindow" />
  <action id="ActivateTODOToolWindow" />
  <action id="ActivateVersionControlToolWindow">
    <keyboard-shortcut first-keystroke="shift meta 9" />
    <keyboard-shortcut first-keystroke="meta 3" />
  </action>
  <action id="Android.CleanRun" />
  <action id="Android.HotswapChanges">
    <keyboard-shortcut first-keystroke="meta f10" />
    <keyboard-shortcut first-keystroke="alt a" />
  </action>
  <action id="Android.RunLayoutInspector">
    <keyboard-shortcut first-keystroke="meta i" />
  </action>
  <action id="Android.SyncProject">
    <keyboard-shortcut first-keystroke="ctrl meta alt g" />
  </action>
  <action id="ChangesView.Rename">
    <keyboard-shortcut first-keystroke="f2" />
  </action>
  <action id="CleanGradleProject">
    <keyboard-shortcut first-keystroke="ctrl meta alt c" />
  </action>
  <action id="CloseProject">
    <keyboard-shortcut first-keystroke="shift alt q" />
  </action>
  <action id="Debug">
    <keyboard-shortcut first-keystroke="ctrl d" />
    <keyboard-shortcut first-keystroke="alt d" />
  </action>
  <action id="Diff.FocusOppositePane" />
  <action id="DuplicatesForm.SendToRight" />
  <action id="EditSource">
    <keyboard-shortcut first-keystroke="meta down" />
    <keyboard-shortcut first-keystroke="f4" />
    <keyboard-shortcut first-keystroke="shift meta y" />
  </action>
  <action id="EditorToggleColumnMode" />
  <action id="EvaluateExpression">
    <keyboard-shortcut first-keystroke="alt f8" />
    <keyboard-shortcut first-keystroke="meta 8" />
  </action>
  <action id="FileChooser.GotoModule" />
  <action id="FileChooser.GotoProject" />
  <action id="FindUsages">
    <keyboard-shortcut first-keystroke="alt f7" />
    <keyboard-shortcut first-keystroke="ctrl 7" />
  </action>
  <action id="FindUsagesInFile">
    <keyboard-shortcut first-keystroke="meta f7" />
    <keyboard-shortcut first-keystroke="meta 7" />
  </action>
  <action id="Flutter.Toolbar.ReloadAction">
    <keyboard-shortcut first-keystroke="meta back_slash" />
    <keyboard-shortcut first-keystroke="ctrl meta back_slash" />
    <keyboard-shortcut first-keystroke="shift ctrl back_slash" />
  </action>
  <action id="Git.Reword.Commit">
    <keyboard-shortcut first-keystroke="f2" />
  </action>
  <action id="GotoBookmark7" />
  <action id="Gsonformat">
    <keyboard-shortcut first-keystroke="alt s" />
    <keyboard-shortcut first-keystroke="shift alt s" />
  </action>
  <action id="InspectCode">
    <keyboard-shortcut first-keystroke="shift meta i" />
  </action>
  <action id="MoveEditorToOppositeTabGroup">
    <keyboard-shortcut first-keystroke="ctrl meta alt close_bracket" />
    <keyboard-shortcut first-keystroke="ctrl meta alt open_bracket" />
  </action>
  <action id="QuickEvaluateExpression">
    <keyboard-shortcut first-keystroke="meta alt f8" />
    <mouse-shortcut keystroke="alt button1" />
    <keyboard-shortcut first-keystroke="shift meta 7" />
  </action>
  <action id="RebuildGradleProject">
    <keyboard-shortcut first-keystroke="ctrl meta alt b" />
  </action>
  <action id="Refresh" />
  <action id="RenameElement">
    <keyboard-shortcut first-keystroke="shift f6" />
    <keyboard-shortcut first-keystroke="meta 0" />
  </action>
  <action id="Replace">
    <keyboard-shortcut first-keystroke="alt r" />
  </action>
  <action id="Run">
    <keyboard-shortcut first-keystroke="meta r" />
  </action>
  <action id="RunCoverage">
    <keyboard-shortcut first-keystroke="ctrl alt c" />
  </action>
  <action id="ShelvedChanges.Rename">
    <keyboard-shortcut first-keystroke="f2" />
  </action>
  <action id="ShowUsages">
    <keyboard-shortcut first-keystroke="meta alt f7" />
    <keyboard-shortcut first-keystroke="meta alt 7" />
  </action>
  <action id="SplitHorizontally">
    <keyboard-shortcut first-keystroke="alt quote" />
  </action>
  <action id="SplitVertically">
    <keyboard-shortcut first-keystroke="alt 5" />
  </action>
  <action id="StepOut">
    <keyboard-shortcut first-keystroke="shift f8" />
    <keyboard-shortcut first-keystroke="shift meta alt 8" />
  </action>
  <action id="Switcher">
    <keyboard-shortcut first-keystroke="shift ctrl tab" />
  </action>
  <action id="ViewBreakpoints">
    <keyboard-shortcut first-keystroke="shift meta f8" />
    <keyboard-shortcut first-keystroke="shift meta 8" />
  </action>
  <action id="android.deploy.ApplyChanges">
    <keyboard-shortcut first-keystroke="ctrl meta r" />
  </action>
  <action id="android.deploy.CodeSwap">
    <keyboard-shortcut first-keystroke="shift ctrl meta r" />
    <keyboard-shortcut first-keystroke="ctrl meta alt r" />
  </action>
</keymap>